band	seq	mark	kept	value	connectdegree	connectborder	top	bottom	left	right
high	1	a	True	0.8283984	0.3626373626373626	4	4		1997	2010	955	976
high	1	a	True	0.86987764	0.38095238095238093	4	4		1914	1927	930	951
high	1	a	True	0.87379694	0.5164835164835164	4	2		1035	1048	857	878
high	11	shadda.a	True	0.80245626	0.2222222222222222	4	1	r	633	651	1116	1132
mid	19	comma	True	0.73062223	0.3902439024390244	4	2		958	999	994	1011
