band	seq	mark	kept	value	connectdegree	connectborder	top	bottom	left	right
high	1	a	True	0.8039563	0.4375	4	4		1913	1929	929	953
high	1	a	True	0.80675006	0.25	4	2		1034	1050	855	879
