band	seq	mark	kept	value	connectdegree	connectborder	top	bottom	left	right
mid	19	comma	True	0.6199656	0.2682926829268293	4	534	575	1246	1263
mid	19	comma	True	0.6253896	0.7632711621233859	4	527	568	754	771
mid	19	comma	True	0.62681586	0.8507890961262554	4	528	569	891	908
mid	19	comma	True	0.68904454	0.3414634146341463	4	524	565	733	750
mid	19	comma	True	0.70064294	0.6341463414634146	4	529	570	979	996
