band	seq	mark	kept	value	connectdegree	connectborder	top	bottom	left	right
mid	19	comma	True	0.6004364	1.048780487804878	4	851	892	1079	1096
mid	19	comma	True	0.60285956	0.6944045911047346	4	857	898	1206	1223
mid	19	comma	True	0.6036274	0.9512195121951219	4	854	895	1178	1195
mid	19	comma	True	0.6075799	0.6599713055954088	4	743	784	1039	1056
mid	19	comma	True	0.6079306	1.024390243902439	4	737	778	1245	1262
mid	19	comma	True	0.6339085	0.9612625538020086	4	743	784	1168	1185
mid	19	comma	True	0.6449451	0.6011477761836441	4	856	897	987	1004
mid	19	comma	True	0.6622537	0.7761836441893831	4	854	895	1047	1064
